Year,Donor,Where Donor Lives,Donor's Source of Wealth,Recipient,Recipient Location,Cause,Gift type,Gift Value
2018,Edward Bass,Texas,"Family wealth, Finance","Yale Peabody Museum of Natural History (New Haven, Conn.)",Connecticut,Colleges and universities,Gift,"$160,000,000 "
2018,Paul Allen,Washington,Technology,Allen Institute for Artificial Intelligence (Seattle),Washington,Science,Pledge,"$125,000,000 "
2018,Anschutz Foundation (Philip Anschutz),Colorado,"Professional Sports, Real estate","U. of Colorado, Anschutz Medical Campus (Denver)",Colorado,Colleges and universities,Gift,"$120,000,000 "
2018,Richard and Susan Rogel,Colorado,"Health care, Investments",U. of Michigan at Ann Arbor,Michigan,Colleges and universities,Pledge,"$110,000,000 "
2018,T. Denny Sanford,South Dakota,Finance,"National U., Sanford Education Center (San Diego)",California,Colleges and universities,Gift,"$100,000,000 "
2018,David and Rita Nelson,Wisconsin,Media and entertainment,"Community Foundation for the Fox Valley Region (Appleton, Wis.)",Wisconsin,Community foundations,Bequest,"$100,000,000 "
2018,Robert and Nancy Carney,Texas,Media and entertainment,"Brown U. (Providence, R.I.)",Rhode Island,Colleges and universities,Gift,"$100,000,000 "
2018,Anonymous,,,Amherst College (Mass.),Massachusetts,Colleges and universities,GiftChallenge,"$100,000,000 "
2018,Shelby Davis,Wyoming,Finance,"United World College (Montezuma, N.M.)",New Mexico,Colleges and universities,Pledge,"$100,000,000 "
2018,Paul Rady,Colorado,Oil,Western State Colorado University (Gunnison),Colorado,Colleges and universities,Gift,"$80,000,000 "
2018,William Miller III,Maryland,Finance,Johns Hopkins U. (Baltimore),Maryland,Colleges and universities,Gift,"$75,000,000 "
2018,Kinder Foundation (Richard and Nancy Kinder),Texas,Energy,Memorial Park Conservancy (Houston),Texas,Other groups,Pledge,"$70,000,000 "
2018,Sheldon and Miriam Adelson,Nevada,Hotels,Birthright Israel Foundation (New York),New York,Religious groups,Pledge,"$70,000,000 "
2018,Bruce Leven,Washington,Retail,Seattle Children's,Washington,Health,Bequest,"$60,000,000 "
2018,Winiarski Family Foundation (Warren and Barbara Winiarski),California,Food and beverage,St. John's College (Md.),Maryland,Colleges and universities,PledgeChallengeMatching,"$50,000,000 "
2018,Anonymous,,,Amherst College (Mass.),Massachusetts,Colleges and universities,Gift,"$50,000,000 "
2018,Jeanne and Rex Sinquefield,Missouri,Finance,Saint Louis U.,Missouri,Colleges and universities,Gift,"$50,000,000 "
2018,Andrew J. Viterbi,California,Technology,U. of California at San Diego,California,Colleges and universities,Gift,"$50,000,000 "
2018,Harry and Linda Fath,Ohio,"Professional Sports, Real estate",Cincinnati Zoo & Botanical Garden,Ohio,Zoos and aquariums,PledgeChallenge,"$50,000,000 "
2018,Harry and Linda Fath,Ohio,"Professional Sports, Real estate","Mercy Ships (Garden Valley, Tex.)",Texas,Health,Pledge,"$50,000,000 "
2018,Craig and Janet Duchossois,Illinois,"Manufacturing, Professional Sports",Art Institute of Chicago,Illinois,Colleges and universities,GiftUnrestricted,"$50,000,000 "
2018,Smidt Foundation (Eric and Susan Smidt),California,Retail,Cedars-Sinai Medical Center (Los Angeles),California,Health,Gift,"$50,000,000 "
2018,Brian Acton,California,Technology,Signal Foundation (San Francisco),California,Other groups,Gift,"$50,000,000 "
2018,Samuel and Ann Mencoff,Illinois,Finance,"Brown U., Warren Alpert Medical School (Providence, R.I.)",Rhode Island,Colleges and universities,Gift,"$50,000,000 "
2018,Ernest and Evelyn Rady,California,Real estate,San Diego Salvation Army,California,Human and social services,Gift,"$50,000,000 "
2018,Gary Carlson,California,Health care,Oregon State U. (Corvallis),Oregon,Colleges and universities,Gift,"$50,000,000 "
2018,Robert Hale Jr. and Karen Hale,Massachusetts,Telecommunications,Boston Children's Hospital,Massachusetts,Health,Gift,"$50,000,000 "
2018,Robert Hale Jr. and Karen Hale,Massachusetts,Telecommunications,Brigham and Women's Hospital (Boston),Massachusetts,Health,GiftUnrestricted,"$50,000,000 "
2018,William K. Bowes Jr. Foundation (Ute Bowes),California,"Finance, Pharmaceuticals",San Francisco Conservatory of Music,California,Arts,Gift,"$46,400,000 "
2018,Gary and Kathleen Rollins,Georgia,Chemicals,U. of Tennessee at Chattanooga,Tennessee,Colleges and universities,Gift,"$40,000,000 "
2018,Raymond Suckling,Pennsylvania,Investments,Pittsburgh Foundation,Pennsylvania,Community foundations,Bequest,"$37,100,000 "
2018,Richard and Melanie Lundquist,California,Real estate,Partnership for Los Angeles Schools,California,Education,Gift,"$35,000,000 "
2018,Jeff and MacKenzie Bezos,Washington,"Retail, Technology","TheDream.US (Arlington, Va.)",Virginia,Colleges and universities,Gift,"$33,000,000 "
2018,Robert Katz and Elana Amsterdam,Colorado,Hotels,"Katz Amsterdam Charitable Fund (Broomfield, Colo.)",Colorado,Foundations,Gift,"$31,103,250 "
2018,David Dafoe,Kentucky,Food and beverage,"Miami U. (Oxford, Ohio)",Ohio,Colleges and universities,Pledge,"$30,100,000 "
2018,Edward Minskoff,New York,Real estate,Michigan State U. (East Lansing),Michigan,Colleges and universities,Gift,"$30,000,000 "
2018,Derick Springsteen Close,South Carolina,"Manufacturing, Professional Sports","Foundation for the Carolinas (Charlotte, N.C.)",North Carolina,Community foundations,Gift,"$30,000,000 "
2018,Anonymous,,,"United Lutheran Seminary (Gettyburg, Pa.)",Pennsylvania,Colleges and universities,Gift,"$30,000,000 "
2018,Ronald and Terri Weinberg,Ohio,Finance,Cleveland Clinic,Ohio,Health,Pledge,"$30,000,000 "
2018,Mark Zuckerberg and Priscilla Chan,California,Technology,"Harvard U. (Cambridge, Mass.)",Massachusetts,Colleges and universities,Gift,"$30,000,000 "
2018,Richard Krupp,California,Real estate,U. of California at San Diego,California,Colleges and universities,Bequest,"$30,000,000 "
2018,Stewart and Lynda Resnick,California,"Agriculture, Food and beverage, Investments","U. of California at Los Angeles, Hammer Museum",California,Colleges and universities,Gift,"$30,000,000 "
2018,T. Denny Sanford,South Dakota,Finance,"Horatio Alger Association of Distinguished Americans (Alexandria, Va.)",Virginia,Colleges and universities,Gift,"$30,000,000 "
2018,Bren Simon,Indiana,Real estate,"Great American Songbook Foundation (Carmel, Ind.)",Indiana,Arts,GiftNoncash,"$30,000,000 "
2018,Hugh Culverhouse Jr. and Eliza Culverhouse,Florida,Real estate,U. of Alabama School of Law (Tuscaloosa),Alabama,Colleges and universities,Pledge,"$25,000,000 "
2018,William A. and Carolyn Franke,Arizona,Finance,"Mayo Clinic School of Medicine (Scottsdale, Ariz.)",Arizona,Health,Gift,"$25,000,000 "
2018,Lee and Ramona Bass,Texas,"Family wealth, Oil",Vanderbilt U. (Nashville),Tennessee,Colleges and universities,Gift,"$25,000,000 "
2018,Kenneth Panzer and Jordan Kaplan,California,Real estate,U. of California at Los Angeles,California,Colleges and universities,Gift,"$25,000,000 "
2018,Bluhm Family Charitable Foundation (Neil Bluhm),Illinois,Real estate,Northwestern Medicine (Chicago),Illinois,Health,Gift,"$25,000,000 "
2018,Karsh Family Foundation (Bruce and Martha Karsh),California,Finance,U. of Virginia Law School (Charlottesville),Virginia,Colleges and universities,Pledge,"$25,000,000 "
2018,Anonymous,,,"Say Yes to Education (Buffalo, N.Y.)",New York,Education,GiftChallenge,"$25,000,000 "
2018,Bertie Deming Smith,Louisiana,"Health care, Media and entertainment","Mary Baldwin University (Staunton, Va.)",Virginia,Colleges and universities,Pledge,"$25,000,000 "
2018,Bay Branch Foundation (Elaine Wold),Florida,Family wealth,Boca Raton Regional Hospital Foundation (Fla.),Florida,Health,Gift,"$25,000,000 "
2018,Thomas O'Malley,New Jersey,Energy,Manhattan College (New York),New York,Colleges and universities,Gift,"$25,000,000 "
2018,Thomas O'Malley,New Jersey,Energy,Manhattan College (New York),New York,Colleges and universities,Gift,"$25,000,000 "
2018,Anonymous,,,Bryn Mawr College (Pa.),Pennsylvania,Colleges and universities,Gift,"$25,000,000 "
2018,James and Susan Shallcross Swartz,Utah,"Investments, Technology","Harvard Divinity School (Cambridge, Mass.)",Massachusetts,Colleges and universities,Gift,"$25,000,000 "
2018,Stephen Schwarzman,New York,Finance,Foundation for Abington School District (Pa.),Pennsylvania,Education,Gift,"$25,000,000 "
2018,Fayez and Susan Sarofim,Texas,Finance,Memorial Hermann Healthcare System (Houston),Texas,Health,Gift,"$25,000,000 "
2018,Mays Family Foundation (Lester (Lowry) and Peggy Mays),Texas,Media and entertainment,U. of Texas Health San Antonio,Texas,Colleges and universities,Gift,"$25,000,000 "
2018,Kenneth Freeman,Massachusetts,"Education, Finance","Bucknell U. (Lewisburg, Pa.)",Pennsylvania,Colleges and universities,Gift,"$25,000,000 "
2018,Patel Family Foundation (Kiran and Pallavi Patel),Florida,"Health care, Insurance","Nova Southeastern U. (Ft. Lauderdale, Fla.)",Florida,Colleges and universities,Gift,"$25,000,000 "
2018,Anonymous,,,Lipscomb U. (Nashville),Tennessee,Colleges and universities,Gift,"$23,000,000 "
2018,John and Charlene Kopchick,Ohio,"Education, Pharmaceuticals",Indiana U. of Pennsylvania,Pennsylvania,Colleges and universities,Gift,"$23,000,000 "
2018,Oprah Winfrey,Illinois,Media and entertainment,"Oprah Winfrey Charitable Foundation (West Hollywood, Calif.)",California,Foundations,Gift,"$22,500,000 "
2018,Dean Buntrock,Minnesota,Industry,Luther Seminary (St. Paul),Minnesota,Colleges and universities,Gift,"$21,400,000 "
2018,Barry Gossett,,Construction,U. of Maryland at College Park,Maryland,Colleges and universities,Gift,"$21,250,000 "
2018,Charles Munger,California,Investments,Good Samaritan Hospital (Los Angeles),California,Health,Gift,"$21,000,000 "
2018,JSM Charitable Trust (James S. McDonnell III and Elizabeth Hall McDonnell),Missouri,"Family wealth, Manufacturing",Municipal Theatre Association of St. Louis,Missouri,Arts,Pledge,"$20,000,000 "
2018,Anonymous,,,"Valley Hospital Foundation (Ridgewood, N.J.)",New Jersey,Health,Gift,"$20,000,000 "
2018,Anonymous,,,Children's Hospital Los Angeles,California,Health,Gift,"$20,000,000 "
2018,Jon Stryker,Michigan,Family wealth,Kalamazoo College (Mich.),Michigan,Colleges and universities,Gift,"$20,000,000 "
2018,Stephen and Karen Ogren Sanger,Minnesota,Food and beverage,"DePauw U. (Greencastle, Ind.)",Indiana,Colleges and universities,Gift,"$20,000,000 "
2018,Craig Newmark,California,Advertising,"City U. of New York, Graduate School of Journalism",New York,Colleges and universities,Gift,"$20,000,000 "
2018,Laura and John Arnold Foundation (John and Laura Arnold),Texas,"Energy, Finance",National Collaborative on Gun Violence Research (Houston),Texas,Public safety,Gift,"$20,000,000 "
2018,Peter G. Peterson,New York,Finance,Sesame Workshop (New York),New York,Children and youths,Pledge,"$20,000,000 "
2018,Ballmer Group (Steve and Connie Ballmer),Washington,Technology,"College Advising Corps (Chapel Hill, N.C.)",North Carolina,Education,Gift,"$20,000,000 "
2018,Crankstart Foundation (Harriet Heyman and Michael Moritz),California,,American Civil Liberties Union (New York),New York,Public affairs,ChallengeGift,"$20,000,000 "
2018,Steve and Connie Ballmer,Washington,Technology,Community Outcomes Fund (New York),New York,Other groups,Gift,"$20,000,000 "
2018,Robert Fischell,Maryland,"Health products, Invention",U. of Maryland School of Medicine (Baltimore),Maryland,Colleges and universities,Gift,"$20,000,000 "
2018,Mei-Lee Ney,California,Finance,U. of Southern California (Los Angeles),California,Colleges and universities,Gift,"$20,000,000 "
2018,Rick and Allison Magnuson,California,Finance,"Dartmouth College (Hanover, N.H.)",New Hampshire,Colleges and universities,Gift,"$20,000,000 "
2018,Robert M. Levy and Diane v.S. Levy Family Foundation (Robert and Diane von Schlegell Levy),Illinois,Finance,Art Institute of Chicago,Illinois,Colleges and universities,Gift,"$20,000,000 "
2018,Frank J. Guarini,New Jersey,Government,New York U. School of Law,New York,Colleges and universities,Gift,"$20,000,000 "
2018,Anonymous,,,Henry Ford Health System (Detroit),Michigan,Health,Gift,"$20,000,000 "
2018,Bruce and Bridgitt Evans,Massachusetts,Finance,Vanderbilt U. (Nashville),Tennessee,Colleges and universities,Pledge,"$20,000,000 "
2018,Tad Taube,California,Real estate,Lucile Packard Children's Hospital Stanford (Calif.),California,Health,Pledge,"$20,000,000 "
2018,David Calhoun,New York,Finance,Virginia Tech (Blacksburg),Virginia,Colleges and universities,Gift,"$20,000,000 "
2018,Eugene and Maxine Rosenfeld,California,Real estate,U. of California at Los Angeles,California,Colleges and universities,Pledge,"$20,000,000 "
2018,Barry and Wendy Rowland,Vermont,Finance,"Burr and Burton Academy (Manchester, Vt.)",Vermont,Education,Gift,"$20,000,000 "
2018,Marcy Carsey,California,Entertainment,"U. of California at Los Angeles, Hammer Museum",California,Colleges and universities,Gift,"$20,000,000 "
2018,Daniel and Gayle D'Aniello,District of Columbia,Finance,Syracuse U. (N.Y.),New York,Colleges and universities,Gift,"$20,000,000 "
2018,Rady Family Foundation (Ernest and Evelyn Rady),California,Real estate,Jewish Family Service of San Diego,California,Human and social services,GiftChallenge,"$20,000,000 "
2018,Cecil Reynolds and Julia Hickman,Texas,Education,U. of Texas at Austin,Texas,Colleges and universities,Pledge,"$20,000,000 "
2018,Anonymous,,,California Community Foundation (Los Angeles),California,Community foundations,Gift,"$20,000,000 "
2018,James and Maureen Hackett,Texas,Oil,Meadows Mental Health Policy Institute (Houston),Texas,Health,Pledge,"$20,000,000 "
2018,Hyatt and Cici Brown,Florida,Insurance,"Stetson U. (DeLand, Fla.)",Florida,Colleges and universities,Gift,"$18,000,000 "
2018,Bob and Corrine Frick,Ohio,Food and beverage,Ohio State U. (Columbus),Ohio,Health,Gift,"$18,000,000 "
2018,Charlie and Irene Kreher,Illinois,Agriculture,"Lincoln Land Community College (Springfield, Ill.)",Illinois,Colleges and universities,Bequest,"$18,000,000 "
2018,Robert LaPenta,Connecticut,"Finance, Technology","Iona College (New Rochelle, N.Y.)",New York,Colleges and universities,Gift,"$17,500,000 "
2018,Keenan Family Foundation (Tim and Kathleen Keenan),Washington,Consulting,Ohio State U. (Columbus),Ohio,Colleges and universities,Pledge,"$17,000,000 "
2018,Kenneth C. Griffin Charitable Fund (Kenneth Griffin),Illinois,Finance,"Norton Museum of Art (West Palm Beach, Fla.)",Florida,Arts,Gift,"$16,000,000 "
2018,Graham Weston,Texas,"Real estate, Technology",U. of Texas at San Antonio,Texas,Colleges and universities,Gift,"$15,000,000 "
2018,Douglas G. and Mary Scrivner,California,Law,U. of Denver,Colorado,Colleges and universities,Gift,"$15,000,000 "
2018,Herbert Wagner III and Charlotte Wagner,,Finance,Partners in Health (Boston),Massachusetts,International,Gift,"$15,000,000 "
2018,David F. Bolger,New Jersey,Real estate,"Valley Hospital Foundation (Ridgewood, N.J.)",New Jersey,Health,Gift,"$15,000,000 "
2018,Marillyn and James Hewson,Maryland,Defense contracting,"U. of Alabama at Tuscaloosa, Culverhouse College of Commerce",Alabama,Colleges and universities,Gift,"$15,000,000 "
2018,Hyatt and Cici Brown,Florida,Insurance,City of Daytona Beach (Fla.),Florida,Other groups,Pledge,"$15,000,000 "
2018,Anonymous,,,"Rose-Hulman Institute of Technology (Terre Haute, Ind.)",Indiana,Colleges and universities,Gift,"$15,000,000 "
2018,Alexander and VIcki Levi,New York,"Family wealth, Health care",Johns Hopkins Berman Institute of Bioethics (Baltimore),Maryland,Colleges and universities,Gift,"$15,000,000 "
2018,Kim Kuehner,Missouri,Retail,Washington U. School of Medicine in St. Louis,Missouri,Colleges and universities,Pledge,"$15,000,000 "
2018,William and Mary Stone,Connecticut,"Finance, Technology",U. of Southern Indiana Foundation (Evansville),Indiana,Colleges and universities,Gift,"$15,000,000 "
2018,Blavatnik Family Foundation (Len Blavatnik),New York,"Chemicals, Media and entertainment, Real estate, Telecommunications","Yale U. (New Haven, Conn.)",Connecticut,Colleges and universities,Gift,"$15,000,000 "
2018,William and Mary Stone,Connecticut,"Finance, Technology","Health Sciences Center (Evansville, Ind.)",Indiana,Health,Gift,"$15,000,000 "
2018,Jack Garey,Texas,Law,"Southwestern U. (Georgetown, Tex.)",Texas,Colleges and universities,Gift,"$15,000,000 "
2018,Daniel and Margaret Loeb,New York,Finance,Success Academy Charter Schools (New York),New York,Education,Gift,"$15,000,000 "
2018,Marcus Foundation (Bernard and Billi Marcus),Georgia,Retail,American Heart Association (Dallas),Texas,Health,Gift,"$15,000,000 "
2018,A. James and Alice B. Clark Charitable Foundation (Alice B. Clark),Maryland,"Construction, Real estate",Georgia Institute of Technology (Atlanta),Georgia,Colleges and universities,Gift,"$15,000,000 "
2018,Keith Block and Suzanne Kelley,California,Technology,Carnegie Mellon U. (Pittsburgh),Pennsylvania,Colleges and universities,Gift,"$15,000,000 "
2018,Richard and Jill Chaifetz,Illinois,Consulting,Saint Louis U.,Missouri,Colleges and universities,Gift,"$15,000,000 "
2018,Gary and Barbara Rodkin,Nebraska,Food and beverage,"Rutgers U. (New Brunswick, N.J.)",New Jersey,Colleges and universities,Gift,"$15,000,000 "
2018,Paul and Wendy Raether,New York,Finance,"Dartmouth College (Hanover, N.H.)",New Hampshire,Colleges and universities,Gift,"$15,000,000 "
2018,Christine Lynn,Florida,Insurance,Boca Raton Regional Hospital Foundation (Fla.),Florida,Health,Gift,"$15,000,000 "
2018,Joel and Gail Morganroth,Florida,Health care,"Ringling College of Art and Design (Sarasota, Fla.)",Florida,Colleges and universities,Gift,"$15,000,000 "
2018,Tatiana and Gerret Copeland,Delaware,"Family wealth, Finance",Delaware Art Museum (Wilmington),Delaware,Arts,Pledge,"$15,000,000 "
2018,Mark and Dana Foley,California,,U. of Notre Dame (Ind.),Indiana,Colleges and universities,Gift,"$13,000,000 "
2018,Reser Family Foundation (Patricia Reser),Oregon,Food and beverage,Beaverton Arts Foundation (Ore.),Oregon,Arts,Gift,"$13,000,000 "
2018,Miriam Schwab,California,Family wealth,Ventura College Foundation (Calif.),California,Colleges and universities,Bequest,"$12,000,000 "
2018,Polonsky Foundation (Leonard Polonsky),Colorado,Insurance,New York Public Library,New York,Museums and libraries,Gift,"$12,000,000 "
2018,Anonymous,,,Worcester Polytechnic Institute (Mass.),Massachusetts,Colleges and universities,UnrestrictedPledge,"$12,000,000 "
2018,Wayne and Kay Woolsey,Kansas,Oil,Wichita State U. Foundation (Kan.),Kansas,Colleges and universities,Pledge,"$12,000,000 "
2018,Dr. C.W. Bixler Family Foundation (Don and Maria Johnson),Colorado,Construction,U. of Colorado at Denver,Colorado,Colleges and universities,Pledge,"$12,000,000 "
2018,Lois Pope,Florida,"Family wealth, Media and entertainment",Bascom Palmer Eye Institute (Miami),Florida,Health,Pledge,"$12,000,000 "
2018,Roger and Paul Koch,Missouri,Real estate,Washington U. in St. Louis,Missouri,Colleges and universities,Gift,"$12,000,000 "
2018,Myles Friedman,Arkansas,Investments,U. of Arkansas at Fort Smith Foundation,Arkansas,Colleges and universities,Bequest,"$10,800,000 "
2018,Vince and Joyce Virga,Florida,Technology,U. of Central Florida (Orlando),Florida,Colleges and universities,Pledge,"$10,250,000 "
2018,Stephen Byron Smith,Florida,,"Marvelwood School (Kent, Conn.)",Connecticut,Education,Pledge,"$10,000,000 "
2018,Donald and Donna Baumgartner,Wisconsin,Manufacturing,Milwaukee Ballet,Wisconsin,Arts,Gift,"$10,000,000 "
2018,Stewart Sr. Morris,Texas,Insurance,Houston Baptist U.,Texas,Colleges and universities,Gift,"$10,000,000 "
2018,Bruce and Ann Blume,Washington,Real estate,Georgetown U. Law Center (Washington),District of Columbia,Colleges and universities,,"$10,000,000 "
2018,Rick and Molly Klau,Pennsylvania,Construction,U. of Notre Dame (Ind.),Indiana,Colleges and universities,Gift,"$10,000,000 "
2018,Ronald and Eileen Lappin Weiser,Michigan,Real estate,U. of Michigan at Ann Arbor,Michigan,Colleges and universities,Gift,"$10,000,000 "
2018,Walter Family Foundation (Mark and Kimbra Walter),Illinois,Finance,"Chimp Haven (Keithville, La.)",Louisiana,Other groups,Gift,"$10,000,000 "
2018,Shelly Schwarz,Indiana,Real estate,Indiana U. Health (Bloomington),Indiana,Colleges and universities,Pledge,"$10,000,000 "
2018,Thomas Dolan,New York,"Family wealth, Telecommunications","St. Lawrence U. (Canton, N.Y.)",New York,Colleges and universities,Gift,"$10,000,000 "
2018,L. Dick Buell,Illinois,Finance,"Purdue U. (West Lafayette, Ind.)",Indiana,Colleges and universities,Pledge,"$10,000,000 "
2018,Blavatnik Family Foundation (Len Blavatnik),New York,"Chemicals, Media and entertainment, Real estate, Telecommunications",Stanford U. School of Medicine (Calif.),California,Colleges and universities,Pledge,"$10,000,000 "
2018,Lisa Maloff,California,"Casinos, Hotels","Barton Health (South Lake Tahoe, Calif.)",California,Health,Gift,"$10,000,000 "
2018,Robert and Emily Clay,Texas,Real estate,Memorial Park Conservancy (Houston),Texas,Other groups,Pledge,"$10,000,000 "
2018,Epstein Family Foundation (Daniel and Phyllis Epstein),California,Real estate,"U. of Southern California, Keck School of Medicine (Los Angeles)",California,Colleges and universities,Gift,"$10,000,000 "
2018,Lorry Lokey,Oregon,Media and entertainment,American Society of the U. of Haifa (New York),New York,Colleges and universities,Gift,"$10,000,000 "
2018,Jerry E. Baker Foundation (Jerry Baker),Kentucky,Manufacturing,Western Kentucky U. (Bowling Green),Kentucky,Colleges and universities,Bequest,"$10,000,000 "
2018,William and Nancy Thompson Family Foundation (William and Nancy Thompson),Missouri,Finance,Children's Hospital of Orange County (Calif.),California,Health,Gift,"$10,000,000 "
2018,Wilson Sheehan Foundation (Christopher and Lorraine Sheehan Wilson),New York,Finance,U. of Notre Dame (Ind.),Indiana,Colleges and universities,Gift,"$10,000,000 "
2018,Ballmer Group (Steve and Connie Ballmer),Washington,Technology,Achievement Network (Boston),Massachusetts,Education,Gift,"$10,000,000 "
2018,Jane Batten,Virginia,Media and entertainment,U. of Virginia (Charlottesville),Virginia,Colleges and universities,Gift,"$10,000,000 "
2018,Blavatnik Family Foundation (Len Blavatnik),New York,"Chemicals, Media and entertainment, Real estate, Telecommunications",Mount Sinai Health System (New York),New York,Health,Gift,"$10,000,000 "
2018,John and Mary Jo Boler,Illinois,Manufacturing,"John Carroll U. (University Heights, Ohio)",Ohio,Colleges and universities,Gift,"$10,000,000 "
2018,Thomas Hagen and Sarah Hagen McWilliams,Pennsylvania,Insurance,"Wittenberg U. (Springfield, Ohio)",Ohio,Colleges and universities,Gift,"$10,000,000 "
2018,Bedford Falls Foundation (William E. and Joanne Barkett Conway),Virginia,Finance,U. of Maryland School of Nursing (Baltimore),Maryland,Colleges and universities,Gift,"$10,000,000 "
2018,Allen and Charlotte Ginsburg,California,Health care,U. of Southern California (Los Angeles),California,Colleges and universities,Gift,"$10,000,000 "
2018,Robert and Carol Manegold,Wisconsin,Manufacturing,"Dartmouth College (Hanover, N.H.)",New Hampshire,Colleges and universities,Pledge,"$10,000,000 "
2018,William and Nancy Thompson,Missouri,Finance,Children's Hospital of Orange County (Calif.),California,Health,Gift,"$10,000,000 "
2018,Jon and Beverly Thompson,Florida,Oil,U. of Florida (Gainesville),Florida,Colleges and universities,Gift,"$10,000,000 "
2018,John and Raffaella Belanich,California,Real estate,U. of San Diego,California,Colleges and universities,Gift,"$10,000,000 "
2018,Andy Anderson,Minnesota,Construction,Regis U. (Denver),Colorado,Colleges and universities,Gift,"$10,000,000 "
2018,Boykin family,Ohio,Hotels,Cleveland Clinic,Ohio,Health,Pledge,"$10,000,000 "
2018,Anonymous,,,KEXP (Seattle),Washington,Other groups,Gift,"$10,000,000 "
2018,Kenneth Griffin,Illinois,Finance,U. of Chicago,Illinois,Colleges and universities,Gift,"$10,000,000 "
2018,Preston and Nancy Athey,Texas,"Finance, Health products",Connecticut College (New London),Connecticut,Colleges and universities,Gift,"$10,000,000 "
2018,Anonymous,,,Minnesota Public Radio (St. Paul),Minnesota,Other groups,Gift,"$10,000,000 "
2018,Anonymous,,,U. of Maine (Orono),Maine,Colleges and universities,Gift,"$10,000,000 "
2018,Jim and Carol Collins,California,Food and beverage,California Polytechnic State U. at Pomona,California,Colleges and universities,Gift,"$10,000,000 "
2018,Neil Griffin,Texas,,Arkansas State U. (Jonesboro),Arkansas,Colleges and universities,Gift,"$10,000,000 "
2018,Steve Charles,Virginia,"Consulting, Government",Temple U. (Philadelphia),Pennsylvania,Colleges and universities,Gift,"$10,000,000 "
2018,Anthony and Jeanne Pritzker Family Foundation (Anthony and Jeanne Pritzker),California,"Family wealth, Investments",U. of California at Los Angeles,California,Colleges and universities,Gift,"$10,000,000 "
2018,Lorry Lokey,Oregon,Media and entertainment,U. of Oregon (Eugene),Oregon,Colleges and universities,Gift,"$10,000,000 "
2018,Steven and Jann Paul,Massachusetts,Biotechnology,Tulane U. (New Orleans),Louisiana,Colleges and universities,Gift,"$10,000,000 "
2018,Frank Joseph Fertitta III and Lorenzo Fertitta,Nevada,"Casinos, Professional Sports",Catholic Charities of Southern Nevada (Las Vegas),Nevada,Human and social services,Gift,"$10,000,000 "
2018,Tawani Foundation (Jennifer Pritzker),Illinois,Family wealth,Loyola U. Chicago,Illinois,Colleges and universities,Pledge,"$10,000,000 "
2018,Carl Bolch Jr. and Susan Bolch,Georgia,Retail,"Duke U. School of Law (Durham, N.C.)",North Carolina,Colleges and universities,Gift,"$10,000,000 "
2018,Robert Smittcamp,California,Food and beverage,"Community Medical Centers (Fresno, Calif.)",California,Health,Gift,"$10,000,000 "
2018,Kevin Durant Charitable Foundation (Kevin Durant),California,Professional Sports,"College Track (District Heights, Md.)",Maryland,Education,Pledge,"$10,000,000 "
2018,Diana Davis Spencer Foundation (Diana Davis Spencer),Maryland,"Family wealth, Finance",Wheaton College (Ill.),Illinois,Colleges and universities,GiftPledge,"$10,000,000 "
2018,Anonymous,,,U. of Maryland at College Park,Maryland,Colleges and universities,Gift,"$10,000,000 "
2018,Farmer Family Foundation (Scott Farmer),Ohio,Manufacturing,Cincinnati Cancer Center,Ohio,Health,Gift,"$10,000,000 "
2018,Stephen Schwarzman,New York,Finance,National Library of Israel,,Museums and libraries,Gift,"$10,000,000 "
2018,Schmidt Family Foundation (Barbara and Richard Schmidt),Florida,Family wealth,Boca Raton Regional Hospital Foundation (Fla.),Florida,Health,Gift,"$10,000,000 "
2018,Stanley and Marilyn Barry,Florida,"Family wealth, Real estate",Boca Raton Regional Hospital Foundation (Fla.),Florida,Health,Gift,"$10,000,000 "
2018,Anonymous,,,High Point U. (N.C.),North Carolina,Colleges and universities,Gift,"$10,000,000 "
2018,Blavatnik Family Foundation (Leonard Blavatnik),New York,Investments,Columbia U. (New York),New York,Colleges and universities,Gift,"$10,000,000 "
2018,Leonard Samia,Massachusetts,Real estate,Suffolk U. (Boston),Massachusetts,Colleges and universities,Pledge,"$10,000,000 "
2018,Robert and Cindy Peterson,Oklahoma,Transportation,"Gustavus Adolphus College (St. Peter, Minn.)",Minnesota,Colleges and universities,Gift,"$10,000,000 "
2018,Jean Hower Taber,Ohio,"Family wealth, Food and beverage",Cleveland Orchestra,Ohio,Arts,Bequest,"$9,300,000 "
2018,Anonymous,,,Planned Parenthood of Greater Texas (Dallas),Texas,Health,Gift,"$9,000,000 "
2018,Arthur and Toni Rembe Rock,California,Finance,California Academy of Sciences (San Francisco),California,Colleges and universities,Gift,"$9,000,000 "
2018,Ernest Tschannen,California,Real estate,California State U. at Sacramento,,Colleges and universities,Gift,"$9,000,000 "
2018,William Bethune,North Carolina,Education,"Cumberland Community Foundation (Fayetteville, N.C.)",North Carolina,Community foundations,Bequest,"$8,500,000 "
2018,Mary Hoppe,Texas,Health care,Saint Louis U.,Missouri,Colleges and universities,Bequest,"$8,400,000 "
2018,Seymour Bluestone,New York,Health care,"Brandeis U. (Waltham, Mass.)",Massachusetts,Colleges and universities,Bequest,"$8,400,000 "
2018,Scott and Cindy Heider,Nebraska,Finance,Creighton Preparatory School (Omaha),Nebraska,Education,GiftChallenge,"$8,000,000 "
2018,Chaney Family Foundation (James B. and JeanAnne Chaney),Ohio,Industry,"Purdue U. (West Lafayette, Ind.)",Indiana,Colleges and universities,Gift,"$8,000,000 "
2018,John H. Schnatter Family Foundation (John and Annette Schnatter),Kentucky,Food and beverage,"Purdue U. (West Lafayette, Ind.)",Indiana,Colleges and universities,Gift,"$8,000,000 "
2018,Anonymous,,,"Wayland Baptist U. (Plainview, Tex.)",Texas,Colleges and universities,GiftUnrestricted,"$8,000,000 "
2018,Willard and Pat Walker Charitable Foundation (Pat Walker),Arkansas,Retail,Arkansas Children's Hospital (Little Rock),Arkansas,Health,Bequest,"$8,000,000 "
2018,Stephen and Barbara Friedman,New York,Finance,Weill Medical College of Cornell U. (New York),New York,Colleges and universities,Gift,"$7,500,000 "
2018,John Ed and Isabel Anthony,Arkansas,Industry,U. of Arkansas at Fayetteville,Arkansas,Colleges and universities,Gift,"$7,500,000 "
2018,Bob and Sue Douthit O'Connell,,,"Denison U. (Granville, Ohio)",Ohio,Colleges and universities,Gift,"$7,500,000 "
2018,Ballmer Group (Steve and Connie Ballmer),Washington,Technology,Martin Luther King Jr. Community Hospital (Los Angeles),California,Health,Gift,"$7,500,000 "
2018,Lavon Brosseau,Kansas,Investments,U. of Kansas (Lawrence),Kansas,Colleges and universities,Bequest,"$7,400,000 "
2018,Henry B. and Patricia Bush Tippie,Texas,"Agriculture, Entertainment, Investments","Allegheny College (Meadville, Pa.)",Pennsylvania,Colleges and universities,ChallengeGift,"$7,000,000 "
2018,Anonymous,,,"Edgewood College (Madison, Wis.)",Wisconsin,Colleges and universities,Pledge,"$7,000,000 "
2018,Carl Dudrey,Kansas,Finance,Sterling College (Kan.),Kansas,Colleges and universities,Bequest,"$7,000,000 "
2018,Nita Giles,Oklahoma,Law,U. of Science and Arts of Oklahoma (Chickasha),Oklahoma,Colleges and universities,Bequest,"$7,000,000 "
2018,Pamela Zilly,New York,Finance,Connecticut College (New London),Connecticut,Colleges and universities,Gift,"$7,000,000 "
2018,Anonymous,,,"Artists Repertory Theatre (Portland, Ore.)",Oregon,Arts,GiftUnrestricted,"$7,000,000 "
2018,Jim Rosengren,Texas,Health care,U. of South Florida (Tampa),Florida,Colleges and universities,Pledge,"$6,600,000 "
2018,Michael and Jodi Price,California,Finance,U. of California at Los Angeles,California,Colleges and universities,Gift,"$6,500,000 "
2018,Joseph and Linda Chlapaty,Ohio,Manufacturing,American Heart Association (Dallas),Texas,Health,Gift,"$6,250,000 "
2018,Sylvia Bloom,New York,Investments,Henry Street Settlement (New York),New York,Education,Bequest,"$6,240,000 "
2018,Merle and Deloris Peterson,Arkansas,Retail,U. of Arkansas at Monticello (Little Rock),Arkansas,Colleges and universities,BequestEstimatedUnrestricted,"$6,000,000 "
2018,Michael Arnolt,Indiana,Health care,Indiana U. at Bloomington,Indiana,Colleges and universities,Gift,"$6,000,000 "
2018,Ken and Grace Evenstad,Oregon,Food and beverage,"Linfield College (McMinnville, Ore.)",Oregon,Colleges and universities,Pledge,"$6,000,000 "
2018,Nicole Shanahan,California,"Law, Technology","Buck Institute for Research on Aging (Novato, Calif.)",California,Health,Gift,"$6,000,000 "
2018,Amy and David Krohn,Virginia,Chemicals,Cleveland Clinic in Florida (Weston),Florida,Health,Pledge,"$6,000,000 "
2018,Jack and Mary DeWitt,Michigan,Food and beverage,"Northwestern College (Orange City, Iowa)",Iowa,Colleges and universities,Gift,"$6,000,000 "
2018,Anonymous,,,"Brown U. (Providence, R.I.)",Rhode Island,Colleges and universities,Gift,"$6,000,000 "
2018,Dean Scarborough and Janice Bini,California,Manufacturing,Hiram College (Ohio),Ohio,Colleges and universities,Gift,"$6,000,000 "
2018,Sturm Family Foundation (Donald L. and Susan Sturm),Colorado,Finance,Denver Art Museum,Colorado,Arts,Gift,"$6,000,000 "
2018,Robert and Sue O'Donnell,California,Finance,"Denison U. (Granville, Ohio)",Ohio,Colleges and universities,Gift,"$5,700,000 "
2018,Martin Jacobson,Connecticut,Retail,U. of Massachusetts at Amherst,Massachusetts,Colleges and universities,Pledge,"$5,580,000 "
2018,Martin Jacobson,Connecticut,Retail,U. of Massachusetts at Amherst,Massachusetts,Colleges and universities,Pledge,"$5,580,000 "
2018,William and Sarah Ross Soter,Florida,,American Heart Association (Dallas),Texas,Health,Gift,"$5,200,000 "
2018,Ross and Margot Perot,Texas,Technology,Perot Museum of Nature & Science (Dallas),Texas,Museums and libraries,Gift,"$5,000,000 "
2018,Stephen Schwarzman,New York,Finance,"Harvard Business School (Cambridge, Mass.)",Massachusetts,Colleges and universities,Gift,"$5,000,000 "
2018,Clifford and Leslie Hudson,Oklahoma,Food and beverage,U. of Oklahoma (Norman),Oklahoma,Colleges and universities,Gift,"$5,000,000 "
2018,Jane Lombard,New York,Retail,"New School, in New York",New York,Colleges and universities,Gift,"$5,000,000 "
2018,Richard and Mary Templeton,Texas,Technology,Southern Methodist U. (Dallas),Texas,Colleges and universities,Pledge,"$5,000,000 "
2018,Andy and Sandy Ross,Ohio,Law,"WOSU Public Media (Columbus, Ohio)",Ohio,Other groups,Pledge,"$5,000,000 "
2018,Marvin and Helaine Lender,Connecticut,Food and beverage,Syracuse U. (N.Y.),New York,Colleges and universities,Gift,"$5,000,000 "
2018,Joseph Cordell,Missouri,Law,Washington U. in St. Louis School of Law,Missouri,Colleges and universities,Pledge,"$5,000,000 "
2018,Bill and Ericka Cain,North Carolina,Insurance,Cornelius Art Center (N.C.),North Carolina,Arts,Gift,"$5,000,000 "
2018,Ann Bowers,Texas,Technology,Chamber Music Society of Lincoln Center (New York),New York,Arts,Gift,"$5,000,000 "
2018,Gary and Pennie Abramson,Maryland,Real estate,American U. (Washington),District of Columbia,Colleges and universities,Gift,"$5,000,000 "
2018,John Cochran III and Patricia Cochran,Delaware,Finance,U. of Delaware (Newark),Delaware,Colleges and universities,Pledge,"$5,000,000 "
2018,Anonymous,,,Wichita State U. Foundation (Kan.),Kansas,Colleges and universities,Pledge,"$5,000,000 "
2018,Edward and Sandy Burr,California,Industry,Sharp HealthCare Foundation (San Diego),California,Health,Gift,"$5,000,000 "
2018,Russ and Dawn Smyth,Illinois,Marketing,"Lewis U. (Romeoville, Ill.)",Illinois,Colleges and universities,Pledge,"$5,000,000 "
2018,Emily Rauh Pulitzer,Missouri,"Family wealth, Media and entertainment",Bryn Mawr College (Pa.),Pennsylvania,Colleges and universities,Pledge,"$5,000,000 "
2018,David and Stevie Spina,Massachusetts,Finance,American Heart Association (Dallas),Texas,Health,Gift,"$5,000,000 "
2018,Carl Dudrey,Kansas,Finance,"Rice County Community Foundation (Lyons, Kan.)",Kansas,Community foundations,Bequest,"$5,000,000 "
2018,G. Bradford Jones,California,Finance,California Institute of Technology (Pasadena),California,Colleges and universities,Gift,"$5,000,000 "
2018,Anonymous,,,"LifeCare Alliance (Columbus, Ohio)",Ohio,Human and social services,GiftChallenge,"$5,000,000 "
2018,Henry Swigert,Oregon,Industry,"Good Samaritan Foundation (Portland, Ore.)",Oregon,Health,GiftUnrestricted,"$5,000,000 "
2018,Anonymous,,,Criswell College (Dallas),,Colleges and universities,Gift,"$5,000,000 "
2018,Jack and Vickie Farber,Pennsylvania,Education,Wills Eye Hospital (Philadelphia),Pennsylvania,Health,Gift,"$5,000,000 "
2018,Christopher B. Galvin Family Foundation (Christopher B. Galvin),Illinois,Finance,Joffrey Ballet (Chicago),Illinois,Arts,Gift,"$5,000,000 "
2018,C. Kenneth Wright,Virginia,Transportation,Virginia War Memorial Foundation (Richmond),Virginia,Museums and libraries,Gift,"$5,000,000 "
2018,Kim Kuehner,Missouri,Retail,Center of Creative Arts (St. Louis),Missouri,Arts,Gift,"$5,000,000 "
2018,George and Carol Bauer,Connecticut,Technology,Washington U. School of Medicine in St. Louis,Missouri,Colleges and universities,Gift,"$5,000,000 "
2018,Brian Sheth and Nate Paul,Texas,Finance,"Waller Creek Conservancy (Austin, Tex.)",Texas,Other groups,Gift,"$5,000,000 "
2018,Bedford Falls Foundation (William E. and Joanne Barkett Conway),Virginia,Finance,U. of Virginia School of Nursing (Charlottesville),Virginia,Colleges and universities,Gift,"$5,000,000 "
2018,Tom and Judy Love Foundation (Tom and Judy Love),Oklahoma,Retail,U. of Oklahoma (Norman),Oklahoma,Colleges and universities,Gift,"$5,000,000 "
2018,Keith and Linda Monda,New York,Retail,"Florida State U., John and Mable Ringling Museum of Art (Sarasota)",Florida,Colleges and universities,Gift,"$5,000,000 "
2018,Joe and Bobby May,Virginia,Technology,Virginia Tech (Blacksburg),Virginia,Colleges and universities,Gift,"$5,000,000 "
2018,Anonymous,,,Meals On Wheels Ohio (Columbus),Ohio,Human and social services,GiftChallenge,"$5,000,000 "
2018,Broad Foundations (Eli and Edythe L. Broad),California,Real estate,California Institute of Technology (Pasadena),California,Colleges and universities,Gift,"$5,000,000 "
2018,Charles G. Koch Charitable Foundation (Charles G. Koch),Virginia,Industry,"George Mason U. (Fairfax, Va.)",Virginia,Colleges and universities,Gift,"$5,000,000 "
2018,Rob and Jennifer Waldron,Massachusetts,Education,Jumpstart (Boston),Massachusetts,Education,UnrestrictedPledge,"$5,000,000 "
2018,Pine,,,"Open Medicine Foundation (Agoura Hills, Calif.)",California,Health,Gift,"$5,000,000 "
2018,Mickey Hughes,Virginia,,"Western Carolina U. (Cullowhee, N.C.)",North Carolina,Colleges and universities,Pledge,"$5,000,000 "
2018,Stu and Nancy Levenick,Illinois,Construction,U. of Illinois at Urbana-Champaign,Illinois,Colleges and universities,Gift,"$5,000,000 "
2018,Robert and Joan Feitler,Illinois,Manufacturing,U. of Chicago,Illinois,Colleges and universities,Gift,"$5,000,000 "
2018,Larry and Deirdre Solari,Ohio,Manufacturing,San Jose State U. (Calif.),California,Colleges and universities,Gift,"$5,000,000 "
2018,Seth and Beth Klarman,Massachusetts,Finance,Spelman College (Atlanta),Georgia,Colleges and universities,Gift,"$5,000,000 "
2018,Seth and Beth Klarman,Massachusetts,Finance,Spelman College (Atlanta),Georgia,Colleges and universities,Gift,"$5,000,000 "
2018,Ron and Kathy Assaf,Florida,Technology,"Nova Southeastern U. (Ft. Lauderdale, Fla.)",Florida,Colleges and universities,Gift,"$5,000,000 "
2018,Sallie Robinson Wadsworth,Ohio,Family wealth,Taft Museum of Art (Cincinnati),Ohio,Museums and libraries,Bequest,"$5,000,000 "
2018,Timothy and Jayne Donahue,Florida,Telecommunications,Jupiter Medical Center Foundation (Fla.),Florida,Health,Gift,"$5,000,000 "
2018,Pine,,,GiveDirectly (New York),New York,International,Gift,"$5,000,000 "
2018,Paul Phillips and Sharon Sullivan,New York,Health care,"Everson Museum of Art (Syracuse, N.Y.)",New York,Museums and libraries,Gift,"$4,800,000 "
2018,Bill and Kathy Scripps,California,"Family wealth, Media and entertainment",U. of California at San Diego,California,Colleges and universities,Gift,"$4,600,000 "
2018,Ray and Nancy Ann Hunt,Texas,Oil,C.C. Young (Dallas),Texas,Health,GiftMatching,"$4,500,000 "
2018,Michael Bloomberg,New York,Media and entertainment,United Nations (New York),New York,International,Gift,"$4,500,000 "
2018,James Morris,Oregon,Health care,Ohio Wesleyan U. (Delaware),Ohio,Colleges and universities,Bequest,"$4,500,000 "
2018,Charles H. (Skip) Smith,Pennsylvania,,Pennsylvania State U. (University Park),Pennsylvania,Colleges and universities,Gift,"$4,500,000 "
2018,Emmett Family Foundation (Dan and Rae Emmett),California,Real estate,U. of California at Los Angeles School of Law,California,Colleges and universities,Gift,"$4,300,000 "
2018,Tom and Karen Rutledge,Connecticut,Telecommunications,California U. of Pennsylvania,Pennsylvania,Colleges and universities,Gift,"$4,200,000 "
2018,Dale and Sherri Holt,Utah,Manufacturing,Westminster College (Utah),Utah,Colleges and universities,GiftNoncash,"$4,100,000 "
2018,Richardson Foundation (Jerry Richardson),South Carolina,Professional Sports,"Limestone College (Gaffney, S.C.)",South Carolina,Colleges and universities,Gift,"$4,100,000 "
2018,Anonymous,,,U. of Houston,Texas,Colleges and universities,Gift,"$4,000,000 "
2018,John Turner and Jerry Fischer,Louisiana,Construction,Louisiana State U. (Baton Rouge),Louisiana,Colleges and universities,Gift,"$4,000,000 "
2018,Greg and Anna Brown,Illinois,Telecommunications,"Rutgers U. (New Brunswick, N.J.)",New Jersey,Colleges and universities,Gift,"$4,000,000 "
2018,Matt and Karen Cullen,Michigan,"Casinos, Hotels",Detroit RiverFront Conservancy,Michigan,Other groups,Gift,"$4,000,000 "
2018,Kenneth C. Griffin Charitable Fund (Kenneth Griffin),Illinois,Finance,"Norton Museum of Art (West Palm Beach, Fla.)",Florida,Arts,Gift,"$4,000,000 "
2018,Paul Wachholz,Montana,Real estate,"Flathead Valley Community College (Kalispell, Mont.)",Montana,Colleges and universities,Gift,"$4,000,000 "
2018,Sunderland Foundation (Kent Sunderland),Kansas,Industry,Kansas City Art Institute (Mo.),Missouri,Colleges and universities,Gift,"$4,000,000 "
2018,Brook J. Lenfest Foundation (Brook Lenfest),Pennsylvania,"Family wealth, Telecommunications",Temple U. (Philadelphia),Pennsylvania,Colleges and universities,Gift,"$4,000,000 "
2018,William Lauder,New York,"Family wealth, Retail","U. of Pennsylvania, Wharton School (Philadelphia)",Pennsylvania,Colleges and universities,Pledge,"$4,000,000 "
2018,Pine,,,"Multidisciplinary Association for Psychedelic Studies (Santa Cruz, Calif.)",California,Health,Gift,"$4,000,000 "
2018,Philip Anschutz,Colorado,"Professional Sports, Real estate","St. Simons Land Trust (St. Simons Island, Ga.)",Georgia,Conservation and the environment,GiftChallenge,"$4,000,000 "
2018,Lester Vesell,California,,U. of San Diego,California,Colleges and universities,Bequest,"$3,900,000 "
2018,Christopher Martin,New Jersey,Finance,Elon U. (N.C.),North Carolina,Colleges and universities,Pledge,"$3,600,000 "
2018,Michael Stephens,Alabama,Investments,"U. of Montevallo (Montevallo , Ala.)",Alabama,Colleges and universities,Bequest,"$3,600,000 "
2018,Peter and Susan Schottland,New York,Manufacturing,YMCA of Greater Rochester (N.Y.),New York,Human and social services,Gift,"$3,500,000 "
2018,William Wilkie,Iowa,Education,"Loras College (Dubuque, Iowa)",Iowa,Colleges and universities,Bequest,"$3,200,000 "
2018,Greg Heckman,Nebraska,Agriculture,U. of Illinois at Urbana-Champaign,Illinois,Colleges and universities,Gift,"$3,100,000 "
2018,Shaw Wagener and Deborah Heitz,California,Finance,"Bates College (Lewiston, Me.)",Maine,Colleges and universities,Gift,"$3,000,000 "
2018,Bezos family,Washington,"Retail, Technology",U. of Washington (Seattle),Washington,Colleges and universities,Gift,"$3,000,000 "
2018,Hal and Kathy Greshman,North Dakota,Retail,U. of North Dakota (Grand Forks),North Dakota,Colleges and universities,Gift,"$3,000,000 "
2018,Jim and Linda McNatt,Texas,Retail,U. of North Texas (Denton),Texas,Colleges and universities,Gift,"$3,000,000 "
2018,Alan and Peggy Scantland,Ohio,"Health care, Technology","Earlham College (Richmond, Ind.)",Indiana,Colleges and universities,Pledge,"$3,000,000 "
2018,Roland Parrish,Texas,Food and beverage,Fisk U. (Nashville),Tennessee,Colleges and universities,Gift,"$3,000,000 "
2018,Robert Finizio,Florida,Health products,"U. of Miami (Coral Gables, Fla.)",Florida,Colleges and universities,Gift,"$3,000,000 "
2018,Anonymous,,,U. of Houston,Texas,Colleges and universities,Gift,"$3,000,000 "
2018,Robert and Dorothy Webb,California,Engineering,"U. of California at Los Angeles, Henry Samueli School of Engineering and Applied Science",California,Colleges and universities,Gift,"$3,000,000 "
2018,van Beuren Charitable Foundation (Hope (Happy) van Beuren),Rhode Island,"Family wealth, Food and beverage",Newport Hospital (R.I.),Rhode Island,Health,Gift,"$3,000,000 "
2018,Sacred Harvest Foundation (Steven and Susie Perry),California,Finance,Azusa Pacific U. (Calif.),California,Colleges and universities,Gift,"$3,000,000 "
2018,Barbara Fried,Virginia,Real estate,U. of Virginia (Charlottesville),Virginia,Colleges and universities,Gift,"$3,000,000 "
2018,Mike and Mickie Krzyzewski,North Carolina,Professional Sports,"Emily Krzyzewski Center (Durham, N.C.)",North Carolina,Education,Gift,"$3,000,000 "
2018,Daniel and Brett Sundheim,New York,Investments,"U. of Pennsylvania, Institute of Contemporary Art (Philadelphia)",Pennsylvania,Colleges and universities,Gift,"$3,000,000 "
2018,Dave Power,California,Marketing,"College of the Holy Cross (Worcester, Mass.)",Massachusetts,Colleges and universities,Gift,"$3,000,000 "
2018,Anonymous,,,U. of North Carolina School of the Arts (Winston-Salem),North Carolina,Colleges and universities,Bequest,"$3,000,000 "
2018,Leonard Schaeffer,California,Insurance,"Rand Corporation (Santa Monica, Calif.)",California,Other groups,Gift,"$3,000,000 "
2018,John and Sue Wieland,Georgia,"Construction, Real estate",Amherst College (Mass.),Massachusetts,Colleges and universities,Gift,"$3,000,000 "
2018,Harvey and Carol Massey Foundation (Harvey and Carol Massey),Florida,Industry,Dr. Phillips Orlando Performing Arts Center (Fla.),Florida,Arts,Gift,"$3,000,000 "
2018,Kevin Durant,California,Professional Sports,U. of Texas at Austin,Texas,Colleges and universities,Gift,"$3,000,000 "
2018,Laura and John Arnold Foundation (John and Laura Arnold),Texas,"Energy, Finance",U. of California at Los Angeles,California,Colleges and universities,Gift,"$2,850,000 "
2018,Laura and John Arnold Foundation (John and Laura Arnold),Texas,"Energy, Finance",U. of California at Berkeley,California,Colleges and universities,Gift,"$2,650,000 "
2018,Chris Paul,Texas,Professional Sports,"Wake Forest U. (Winston-Salem, N.C.)",North Carolina,Colleges and universities,Gift,"$2,500,000 "
2018,Sally Birge,California,Real estate,U. of North Carolina at Asheville,North Carolina,Colleges and universities,Bequest,"$2,500,000 "
2018,David Le Norman,Oklahoma,Energy,U. of Wyoming (Laramie),Wyoming,Colleges and universities,GiftMatching,"$2,500,000 "
2018,Anonymous,,,"Flathead Valley Community College (Kalispell, Mont.)",Montana,Colleges and universities,Gift,"$2,500,000 "
2018,Seth MacFarlane,California,Entertainment,National Public Radio (Washington),District of Columbia,Other groups,Gift,"$2,500,000 "
2018,John Wold,Wyoming,Mineral exploration,Oregon Health & Science U. (Portland),Oregon,Colleges and universities,Gift,"$2,500,000 "
2018,Lorene Davidson,Texas,Education,"Baylor U. (Waco, Tex.)",Texas,Colleges and universities,Bequest,"$2,500,000 "
2018,Sonnet Goodenough and Ian McKinnon,Connecticut,Finance,U. of New Mexico at Albuquerque,New Mexico,Colleges and universities,Gift,"$2,500,000 "
2018,Steve and Mary Ford,Maine,Law,"Colby College (Waterville, Me.)",Maine,Colleges and universities,Gift,"$2,500,000 "
2018,Halcyon Mancuso Krebs,Massachusetts,Education,Framingham State U. (Mass.),Massachusetts,Colleges and universities,Gift,"$2,500,000 "
2018,I. Michael Kasser,Arizona,Real estate,Tucson Museum of Art,Arizona,Arts,Gift,"$2,500,000 "
2018,Robert F. Smith,Texas,Finance,"Prostate Cancer Foundation (Santa Monica, Calif.)",California,Health,Gift,"$2,500,000 "
2018,Reid Hoffman,California,Technology,U. of Toronto (Canada),,Colleges and universities,Gift,"$2,450,000 "
2018,Christopher Werner,California,Education,U. of California at Irvine,California,Colleges and universities,Bequest,"$2,400,000 "
2018,Stewart and Lynda Resnick,California,"Agriculture, Food and beverage, Investments",U. of California at Los Angeles School of Law,California,Colleges and universities,Gift,"$2,375,000 "
2018,Karl Smith,Colorado,Industry,Morris Animal Foundation (Denver),Colorado,Health,Bequest,"$2,300,000 "
2018,Katheryne Willcock,Arizona,,U. of Arizona (Tucson),Arizona,Colleges and universities,Bequest,"$2,300,000 "
2018,Ralph and Shirley Shapiro,California,,"U. of California at Los Angeles, David Geffen School of Medicine",California,Colleges and universities,Gift,"$2,257,000 "
2018,Roe Green,Ohio,,"Kent State U. (Akron, Ohio)",Ohio,Colleges and universities,Pledge,"$2,200,000 "
2018,Jacqueline Walker,California,Law,Wayne State U. (Detroit),Michigan,Colleges and universities,Bequest,"$2,100,000 "
2018,Douglas Tillman,Indiana,Pharmaceuticals,Franklin College (Ind.),Indiana,Colleges and universities,Pledge,"$2,000,000 "
2018,Douglas Swartz,Texas,Industry,Texas Tech U. (Lubbock),Texas,Colleges and universities,GiftBequest,"$2,000,000 "
2018,Norm and Dawn Miller,Texas,Retail,High Point U. (N.C.),North Carolina,Colleges and universities,Gift,"$2,000,000 "
2018,Nancy Wendt,Oregon,Manufacturing,Oregon Institute of Technology Foundation (Klamath Falls),Oregon,Colleges and universities,Gift,"$2,000,000 "
2018,Cindy Havenhill and Mark Gruenke,California,Finance,Texas Tech U. (Lubbock),Texas,Colleges and universities,Pledge,"$2,000,000 "
2018,LeBron James Family Foundation (LeBron James),Ohio,Professional Sports,"I Promise School (Akron, Ohio)",Ohio,Education,Gift,"$2,000,000 "
2018,Gale Lemerand,Florida,Food and beverage,"Daytona State College (Daytona Beach, Fla.)",Florida,Colleges and universities,Gift,"$2,000,000 "
2018,Roger and Barbara Brown,Illinois,Investments,Science Museum of Minnesota (St. Paul),Minnesota,Museums and libraries,Gift,"$2,000,000 "
2018,Stinson Family Foundation (Al and Lisa Stinson),Montana,Food and beverage,"Flathead Valley Community College (Kalispell, Mont.)",Montana,Colleges and universities,Pledge,"$2,000,000 "
2018,Anonymous,,,"Westmont College (Santa Barbara, Calif.)",California,Colleges and universities,Gift,"$2,000,000 "
2018,Daniel Logan and Gladys Cofrin,Florida,Health care,U. of Kansas (Lawrence),Kansas,Colleges and universities,Gift,"$2,000,000 "
2018,Cloud (Bud) Cray Jr.,Kansas,Food and beverage,U. of Kansas Health System (Kansas City),Kansas,Health,Gift,"$2,000,000 "
2018,Chris and Jessica Cicchinelli,Ohio,Retail,Cincinnati Children's Hospital Medical Center,Ohio,Health,Gift,"$2,000,000 "
2018,Richard Riordan,California,Government,Mount Saint Mary's U. (Los Angeles),California,Colleges and universities,Gift,"$2,000,000 "
2018,Dan and Cindy Caruso,Colorado,Telecommunications,U. of Colorado at Boulder,Colorado,Colleges and universities,Gift,"$2,000,000 "
2018,Gene and Patsy Ponder,Texas,Manufacturing,"Wiley College (Marshall, Tex.)",Texas,Colleges and universities,GiftUnrestricted,"$2,000,000 "
2018,Patrick Tell,Pennsylvania,Manufacturing,Millersville U. (Pa.),Pennsylvania,Colleges and universities,Gift,"$2,000,000 "
2018,Ron and Kay McDougall,Arizona,Food and beverage,Arizona Opera (Phoenix),Arizona,Arts,Gift,"$2,000,000 "
2018,Milton Stark,California,Entertainment,U. of California at Los Angeles,California,Colleges and universities,Bequest,"$2,000,000 "
2018,J. Sanford Miller,California,Finance,U. of Virginia (Charlottesville),Virginia,Colleges and universities,Gift,"$2,000,000 "
2018,Philip and Kathy Power,Michigan,Telecommunications,U. of Michigan Museum of Art (Ann Arbor),Michigan,Colleges and universities,Gift,"$2,000,000 "
2018,Patrick Lee,New York,"Industry, Manufacturing","Roswell Park Cancer Institute (Buffalo, N.Y.)",New York,Health,Gift,"$2,000,000 "
2018,Patrick Lee,New York,"Industry, Manufacturing","Canisius College (Buffalo, N.Y.)",New York,Colleges and universities,Gift,"$2,000,000 "
2018,Pine,,,"Institute for Justice (Arlington, Va.)",Virginia,Public affairs,GiftUnrestricted,"$2,000,000 "
2018,Pine,,,American Civil Liberties Union (New York),New York,Public affairs,Gift,"$2,000,000 "
2018,Pine,,,"Organ Preservation Alliance (Moffett Field, Calif.)",California,Health,Gift,"$2,000,000 "
2018,Gordon Macdonald,New Jersey,Health care,"Harvard School of Dental Medicine (Cambridge, Mass.)",Massachusetts,Colleges and universities,Gift,"$2,000,000 "
2018,James R. Johnston,Texas,Energy,Mississippi College (Clinton),Mississippi,Colleges and universities,Bequest,"$2,000,000 "
2018,Mani Bhaumik,California,Health care,U. of California at Los Angeles,California,Colleges and universities,Gift,"$2,000,000 "
2018,Carl and Trish Ring,North Carolina,Hotels,Le Bonheur Children's Hospital (Memphis),Tennessee,Health,Gift,"$2,000,000 "
2018,Nick Des Champs,Nevada,Engineering,Virginia Tech (Blacksburg),Virginia,Colleges and universities,Gift,"$2,000,000 "
2018,Bob and Susan Salvin,North Carolina,Health products,Queens U. of Charlotte (N.C.),North Carolina,Colleges and universities,Gift,"$2,000,000 "
2018,Sam and Carolyn McMahon,North Carolina,Hotels,Queens U. of Charlotte (N.C.),North Carolina,Colleges and universities,Gift,"$2,000,000 "
2018,Gretchen Valade,Michigan,Manufacturing,Wayne State U. (Detroit),Michigan,Colleges and universities,Gift,"$2,000,000 "
2018,Lynne Detrick,Oregon,Entertainment,Oregon State U. (Corvallis),Oregon,Colleges and universities,Bequest,"$2,000,000 "
2018,Herb Alpert Foundation (Herb Alpert and Lani Hall),California,Entertainment,Vista Del Mar Child and Family Services (Los Angeles),California,Children and youths,Gift,"$2,000,000 "
2018,Wunderkinder Foundation (Steven Spielberg),California,Entertainment,National Women's Law Center (Washington),District of Columbia,Other groups,Gift,"$2,000,000 "
2018,Karen Knopper,Michigan,Food and beverage,"Wayne State U., School of Medicine (Detroit)",Michigan,Colleges and universities,Pledge,"$1,875,000 "
2018,May and Anna Rosel,Kansas,"Family wealth, Retail",Western Kansas Community Foundation (Garden City),Kansas,Community foundations,Bequest,"$1,800,000 "
2018,Ian and Nancy Davidson,Montana,Finance,Great Falls Public Schools Foundation (Mont.),Montana,Education,Gift,"$1,800,000 "
2018,Linda Garner Riggs,Arkansas,Finance,Arkansas Symphony Orchestra (Little Rock),Arkansas,Arts,Bequest,"$1,800,000 "
2018,David and Molly Pyott Foundation (David and Molly Pyott),California,Pharmaceuticals,Easterseals Southern California (Irvine),California,Human and social services,Gift,"$1,750,000 "
2018,Lyman Chaffee,California,Education,California State U. at Dominguez Hills,California,Colleges and universities,Bequest,"$1,725,000 "
2018,Keith Mardak and Mary Vandenberg,Wisconsin,Entertainment,Children's Hospital of Wisconsin (Milwaukee),Wisconsin,Health,Gift,"$1,500,000 "
2018,Ramy Eidi,Ohio,Real estate,"ProMedica (Toledo, Ohio)",Ohio,Health,Gift,"$1,500,000 "
2018,Marc and Lynne Benioff,California,Technology,Hamilton Families (San Francisco),California,Human and social services,MatchingGift,"$1,500,000 "
2018,John and Mary Lou Dasburg,Florida,Transportation,Florida International U. (Miami),Florida,Colleges and universities,Gift,"$1,500,000 "
2018,Philip and Kathy Power,Michigan,Telecommunications,U. of Michigan at Ann Arbor,Michigan,Colleges and universities,Gift,"$1,500,000 "
2018,Andrea Laporte,Pennsylvania,Family wealth,"U. of Pennsylvania, Institute of Contemporary Art (Philadelphia)",Pennsylvania,Colleges and universities,Gift,"$1,500,000 "
2018,Anonymous,,,High Point U. (N.C.),North Carolina,Colleges and universities,Gift,"$1,500,000 "
2018,Mark Wahlberg,Massachusetts,Entertainment,National Women's Law Center (Washington),District of Columbia,Other groups,Pledge,"$1,500,000 "
2018,Stephen Lis,New Hampshire,Construction,New Hampshire Institute of Art (Manchester),New Hampshire,Colleges and universities,Bequest,"$1,400,000 "
2018,Steward Family Foundation (David and Thelma Steward),Missouri,Technology,U. of Missouri at St. Louis,Missouri,Colleges and universities,Pledge,"$1,300,000 "
2018,John Cassey,California,Education,"Citrus College Foundation (Glendora, Calif.)",California,Colleges and universities,Bequest,"$1,300,000 "
2018,R. David and Suzanne Hoover,Colorado,"Industry, Technology","Indiana U., Kelley School of Business (Bloomington)",Indiana,Colleges and universities,Gift,"$1,250,000 "
2018,Tom and Mary Ellen Litzinger,Pennsylvania,Education,Pennsylvania State U. (University Park),Pennsylvania,Colleges and universities,Pledge,"$1,200,000 "
2018,Mark and Bonnie Goldenberg,Illinois,Law,U. of Illinois Division of Intercollegiate Athletics (Champaign),Illinois,Colleges and universities,Pledge,"$1,200,000 "
2018,Owen Dugmore,Washington,Education,Central Washington U. (Ellensburg),Washington,Colleges and universities,Bequest,"$1,200,000 "
2018,Trish Ring,North Carolina,"Education, Hotels",U. of Florida (Gainesville),Florida,Colleges and universities,Gift,"$1,100,000 "
2018,Michael Jordan,North Carolina,Professional Sports,"Foundation for the Carolinas (Charlotte, N.C.)",North Carolina,Community foundations,Gift,"$1,000,000 "
2018,Michael Jordan,North Carolina,Professional Sports,American Red Cross (Washington),District of Columbia,Human and social services,Gift,"$1,000,000 "
2018,Marc Leder,Florida,Finance,"U. of Pennsylvania, Institute of Contemporary Art (Philadelphia)",Pennsylvania,Colleges and universities,Gift,"$1,000,000 "
2018,John and Sharon Sheehan,Connecticut,Manufacturing,St. Bonaventure U. (N.Y.),New York,Colleges and universities,Pledge,"$1,000,000 "
2018,Peyton Manning,Indiana,Professional Sports,U. of Tennessee at Knoxville,Tennessee,Colleges and universities,Gift,"$1,000,000 "
2018,Craig Newmark,California,Advertising,Mother Jones Investigative Fund (San Francisco),California,Public affairs,Gift,"$1,000,000 "
2018,Dan and Sally Nolan,New York,Finance,Albany Law School (N.Y.),New York,Colleges and universities,Gift,"$1,000,000 "
2018,Anonymous,,,St. Mary's U. (San Antonio),Texas,Colleges and universities,Gift,"$1,000,000 "
2018,Daniel and Debra Cane,Florida,Technology,Florida Atlantic U. (Boca Raton),Florida,Colleges and universities,Gift,"$1,000,000 "
2018,James and Mary Smith,Idaho,Health care,College of Idaho (Caldwell),Idaho,Colleges and universities,Gift,"$1,000,000 "
2018,Bruce and Diana Rauner,Illinois,Finance,Illinois Fairgrounds Foundation (Springfield),Illinois,Historic preservation,Gift,"$1,000,000 "
2018,Peter and Janet Tong,Wisconsin,Technology,U. of Wisconsin at Madison,Wisconsin,Colleges and universities,Gift,"$1,000,000 "
2018,Anonymous,,,College Art Association (New York),New York,Colleges and universities,Gift,"$1,000,000 "
2018,Michael and Billie Kubly,Wisconsin,Health care,U. of Wisconsin at Milwaukee,Wisconsin,Colleges and universities,Gift,"$1,000,000 "
2018,Peter and Barbara Ripp,Connecticut,,"Foundations in Education (Bridgeport, Conn.)",Connecticut,Religious groups,Gift,"$1,000,000 "
2018,William and Nancy Frederick,Pennsylvania,Entertainment,Pennsylvania Horticultural Society (Philadelphia),Pennsylvania,Other groups,Gift,"$1,000,000 "
2018,Bud and Suzanne Baker,North Carolina,Finance,YMCA of Northwest North Carolina (Winston-Salem),North Carolina,Other groups,Gift,"$1,000,000 "
2018,Jorge and Darlene Pérez,Florida,Real estate,Florida International U. (Miami),Florida,Colleges and universities,Gift,"$1,000,000 "
2018,Harris Family Charitable Foundation (Joshua and Marjorie Harris),New York,Finance,U. of Pennsylvania (Philadelphia),Pennsylvania,Colleges and universities,Pledge,"$1,000,000 "
2018,Gerri Aaron,Georgia,Telecommunications,"Westcoast Black Theatre Troupe (Sarasota, Fla.)",Florida,Arts,Gift,"$1,000,000 "
2018,Dave and Joan Rogers,New York,Real estate,Hospice Foundation of Western New York (Buffalo),New York,Health,Gift,"$1,000,000 "
2018,Robert DeKoven,California,Education,San Diego State U.,California,Colleges and universities,Pledge,"$1,000,000 "
2018,Harold and Arlene Schnitzer CARE Foundation (Arlene and Jordan Schnitzer),Oregon,"Family wealth, Real estate",Beaverton Arts Foundation (Ore.),Oregon,Arts,Gift,"$1,000,000 "
2018,Chris Rakhshan,Colorado,Manufacturing,U. of Arkansas for Medical Sciences (Little Rock),Arkansas,Colleges and universities,Gift,"$1,000,000 "
2018,Anna Mann,Florida,Media and entertainment,"Lord's Place Men's Campus (Boynton Beach, Fla.)",Florida,Human and social services,Gift,"$1,000,000 "
2018,Jared Mathis,California,Finance,"Laguna Playhouse (Newport Beach, Calif.)",California,Arts,Gift,"$1,000,000 "
2018,Anonymous,,,Wayne State U. (Detroit),Michigan,Colleges and universities,Gift,"$1,000,000 "
2018,Michael and Jacky Ferro Family Foundation (Michael Ferro Jr. and Jacky Ferro),Illinois,"Finance, Media and entertainment","Community Foundation of Anne Arundel County (Annapolis, Md.)",Maryland,Other groups,PledgeMatching,"$1,000,000 "
2018,Highest Hopes Foundation (Brendon Urie),New York,Entertainment,"Gay, Lesbian, and Straight Education Network (New York)",New York,Other groups,Pledge,"$1,000,000 "
2018,Kiki and David Gindler,California,,Los Angeles Master Chorale,California,Arts,Pledge,"$1,000,000 "
2018,Jolene McCaw,Washington,Telecommunications,JED Foundation (New York),New York,Health,PledgeChallenge,"$1,000,000 "
2018,Bob and Helen Haddad,Indiana,Industry,Columbus Indiana Philharmonic,Indiana,Arts,GiftChallenge,"$1,000,000 "
2018,William Pickard,Michigan,Manufacturing,Charles H. Wright Museum of African American History (Detroit),Michigan,Arts,Gift,"$1,000,000 "
2018,William Pickard,Michigan,Manufacturing,Motown Museum (Detroit),Michigan,Arts,Gift,"$1,000,000 "
2018,Iris Harrell and Ann Benson,California,Construction,Virginia Commonwealth U. (Richmond),Virginia,Colleges and universities,Pledge,"$1,000,000 "
2018,Albert Dotson Sr. and Earlene Dotson,Florida,"Consulting, Retail",Florida International U. (Miami),Florida,Colleges and universities,Gift,"$1,000,000 "
2018,Thomas Jones,Ohio,Health products,Public Library of Cincinnati and Hamilton County,Ohio,Museums and libraries,Gift,"$1,000,000 "
2018,Carl McNair Jr.,District of Columbia,Defense contracting,Easter Seals DC MD VA (Washington),District of Columbia,Human and social services,Gift,"$1,000,000 "
2018,Genevieve Via Cava,New Jersey,Education,Dumont Public Schools (N.J.),New Jersey,Education,Bequest,"$1,000,000 "
2018,Sunderland Foundation (Kent Sunderland),Kansas,Industry,"Washburn U. (Topeka, Kan.)",Kansas,Colleges and universities,Gift,"$1,000,000 "
2018,Anonymous,,,New York Women's Foundation,New York,Foundations,Gift,"$1,000,000 "
2018,Nick Hanauer,Washington,"Finance, Professional Sports",Alliance for Gun Responsibility Foundation (Seattle),Washington,Public safety,Gift,"$1,000,000 "
2018,Thomas and Jim Duff,Mississippi,Finance,U. of Mississippi (Oxford),Mississippi,Colleges and universities,Gift,"$1,000,000 "
2018,Winston Moore,Idaho,Real estate,College of Idaho (Caldwell),Idaho,Colleges and universities,Gift,"$1,000,000 "
2018,Samantha Rudd,California,Food and beverage,"Napa Valley Vintners (St. Helena, Calif.)",California,Other groups,Gift,"$1,000,000 "
2018,Robert Reeder III,New York,Law,Youngstown State U. (Ohio),Ohio,Colleges and universities,Gift,"$1,000,000 "
2018,Charles & Margery Barancik Foundation (Charles and Margery Barancik),Florida,Manufacturing,"Ringling College of Art and Design (Sarasota, Fla.)",Florida,Colleges and universities,Gift,"$1,000,000 "
2018,Leo and Kathryn Vecellio,Florida,Construction,Cleveland Clinic in Florida (Weston),Florida,Health,Gift,"$1,000,000 "
2018,Bob Barker,California,Media and entertainment,"Drury U. (Springfield, Mo.)",Missouri,Colleges and universities,Gift,"$1,000,000 "
2018,Kenya and Rainbow Barris,California,Entertainment,Clark Atlanta U.,Georgia,Colleges and universities,Gift,"$1,000,000 "
2018,Paul Allen,Washington,Technology,Alliance for Gun Responsibility Foundation (Seattle),Washington,Public safety,Gift,"$1,000,000 "
2018,Anonymous,,,"Open Medicine Foundation (Agoura Hills, Calif.)",California,Health,Gift,"$1,000,000 "
2018,Michael Lawrence,Pennsylvania,,"Humane Society of Kent County (Chestertown, Md.)",Maryland,Other groups,Gift,"$1,000,000 "
2018,George Newkome and Mary Jane Saunders,Florida,Education,"Kent State U. (Akron, Ohio)",Ohio,Colleges and universities,Gift,"$1,000,000 "
2018,Roger Hungerford,New York,Finance,"Seneca-Babcock Community Center (Buffalo, N.Y.)",New York,Human and social services,Gift,"$1,000,000 "
2018,Dan and Gail Alexander,New York,Health care,"Seneca-Babcock Community Center (Buffalo, N.Y.)",New York,Human and social services,Gift,"$1,000,000 "
2018,Maria Cardamone and Gordon Paul Matthews,California,Finance,Academy of St. Martin in the Fields (England),,Arts,Gift,"$1,000,000 "
2018,Herbert and Nicole Wertheim,Florida,"Health products, Invention",Florida International U. (Miami),Florida,Colleges and universities,Pledge,"$1,000,000 "
2018,Peter Knox IV,Georgia,Finance,Augusta State U. (Ga.),Georgia,Colleges and universities,Gift,"$1,000,000 "
2018,Peter Knox IV,Georgia,Finance,"Paine College (Augusta, Ga.)",Georgia,Colleges and universities,Gift,"$1,000,000 "
2018,Sylvia Bloom,New York,Investments,Hunter College (New York),New York,Colleges and universities,Bequest,"$1,000,000 "
2018,Irvin and Pamela Reid,Michigan,Education,Howard U. (Washington),District of Columbia,Colleges and universities,Gift,"$1,000,000 "
2018,Michael Hanley and Michael Wood,District of Columbia,"Consulting, Marketing",Capital Partners for Education (Washington),District of Columbia,Education,Gift,"$1,000,000 "
2018,Donald and Liz Thompson,Illinois,Food and beverage,"Purdue U. (West Lafayette, Ind.)",Indiana,Colleges and universities,Gift,"$1,000,000 "
2018,Anonymous,,,U. of Illinois at Chicago,Illinois,Colleges and universities,Gift,"$1,000,000 "
2018,Roger Clemens,New York,Professional Sports,U. of Texas at Austin,Texas,Colleges and universities,Gift,"$1,000,000 "
2018,Jim Delany,Illinois,Professional Sports,U. of North Carolina at Chapel Hill,North Carolina,Colleges and universities,Gift,"$1,000,000 "
2018,Anonymous,,,Elon U. (N.C.),North Carolina,Colleges and universities,Gift,"$1,000,000 "
2018,Bill McKnight,Florida,Oil,"Niagara U. (Lewiston, N.Y.)",New York,Colleges and universities,Gift,"$1,000,000 "
2018,Jeanne Herberger,California,Real estate,National Conflict Resolution Center (San Diego),California,Other groups,Pledge,"$1,000,000 "
2018,Doug and Maria DeVos Foundation (Doug and Maria DeVos),Michigan,"Investments, Real estate","Purdue U. (West Lafayette, Ind.)",Indiana,Colleges and universities,Gift,"$1,000,000 "
2018,Philip Anschutz,Colorado,"Professional Sports, Real estate",Elton John AIDS Foundation (New York),New York,International,Gift,"$1,000,000 "
2018,Derica Rice and Robin Nelson-Rice,Indiana,Pharmaceuticals,Center for Leadership Development (Indianapolis),Indiana,Education,Gift,"$1,000,000 "
2018,Pine,,,"Alter Global (Redding, Calif.)",California,International,Gift,"$1,000,000 "
2018,Pine,,,"Nuzzles and Co. (Park City, Utah)",Utah,Other groups,Gift,"$1,000,000 "
2018,Pine,,,SoGal Ventures (Los Angeles),California,Other groups,Gift,"$1,000,000 "
2018,Pine,,,Sustainable Oceans Alliance (San Francisco),California,Conservation and the environment,Gift,"$1,000,000 "
2018,Pine,,,Adventure Project (New York),New York,International,Gift,"$1,000,000 "
2018,Pine,,,Free Software Foundation (Boston),Massachusetts,,Gift,"$1,000,000 "
2018,Pine,,,"Methuselah Foundation (Springfield, Va.)",Virginia,Health,Gift,"$1,000,000 "
2018,Pine,,,Justice and Care (India),,International,Gift,"$1,000,000 "
2018,Pine,,,"OpenMRS (Carmel, Ind.)",Indiana,,Gift,"$1,000,000 "
2018,Pine,,,"Apache Software Foundation (Wakefield, Mass.)",Massachusetts,,Gift,"$1,000,000 "
2018,Pine,,,"Focus Foundation (Davidson, Md.)",Maryland,Health,Gift,"$1,000,000 "
2018,Pine,,,Possible (New York),New York,International,Gift,"$1,000,000 "
2018,Pine,,,"BitGive (Truckee, Calif.)",California,Foundations,Gift,"$1,000,000 "
2018,Pine,,,New Story (San Francisco),California,International,Gift,"$1,000,000 "
2018,Pine,,,Charity: Water (New York),New York,International,Gift,"$1,000,000 "
2018,Pine,,,"SENS Research Foundation (Mountain View, Calif.)",California,Health,Gift,"$1,000,000 "
2018,Pine,,,Internet Archive (San Francisco),California,Other groups,Pledge,"$1,000,000 "
2018,Anonymous,,,U. of Illinois at Urbana-Champaign,Illinois,Colleges and universities,Gift,"$1,000,000 "
2018,Derica Rice and Robin Nelson-Rice,Indiana,Pharmaceuticals,Center for Leadership Development (Indianapolis),Indiana,Children and youths,Gift,"$1,000,000 "
2018,Boy and Betty Toy,Minnesota,,"Gustavus Adolphus College (St. Peter, Minn.)",Minnesota,Colleges and universities,Gift,"$1,000,000 "
2018,Whitney and Betty MacMillan,Minnesota,"Agriculture, Family wealth","McKee Botanical Garden (Vero Beach, Fla.)",Florida,Other groups,Gift,"$1,000,000 "
2018,Tracy Ashlock,Washington,Engineering,U. of Kansas (Lawrence),Kansas,Colleges and universities,Gift,"$1,000,000 "
2018,Denzel Washington,California,Media and entertainment,"Wiley College (Marshall, Tex.)",Texas,Colleges and universities,Pledge,"$1,000,000 "
2018,Anonymous,,,"Mississippi Valley Conservancy (La Crosse, Wis.)",Wisconsin,Conservation and the environment,Gift,"$1,000,000 "
2018,Anonymous,,,High Point U. (N.C.),North Carolina,Colleges and universities,Gift,"$1,000,000 "
2018,Anonymous,,,High Point U. (N.C.),North Carolina,Colleges and universities,Gift,"$1,000,000 "
2018,J.J. Abrams and Katie McGrath,California,Entertainment,National Women's Law Center (Washington),District of Columbia,Other groups,Gift,"$1,000,000 "
2018,Pine,,,Quill (New York),New York,Education,Gift,"$1,000,000 "
2018,Pine,,,Pencils of Promise (New York),New York,International,Gift,"$1,000,000 "
2018,Pine,,,New Story (San Francisco),California,Human and social services,Gift,"$1,000,000 "
2018,Pine,,,"Mona Foundation (Kirkland, Wash.)",Washington,International,Gift,"$1,000,000 "
2018,Pine,,,Charity: Water (New York),New York,International,Gift,"$1,000,000 "
2018,Pine,,,"Water Project (Concord, N.H.)",New Hampshire,International,Gift,"$1,000,000 "
2018,Pine,,,Watsi (San Francisco),California,Health,Gift,"$1,000,000 "
